-- phpMyAdmin SQL Dump
-- version 4.5.1
-- http://www.phpmyadmin.net
--
-- Host: localhost:3306
-- Generation Time: Jan 13, 2017 at 06:10 PM
-- Server version: 5.1.73-community
-- PHP Version: 5.5.30

SET SQL_MODE = "NO_AUTO_VALUE_ON_ZERO";
SET time_zone = "+00:00";


/*!40101 SET @OLD_CHARACTER_SET_CLIENT=@@CHARACTER_SET_CLIENT */;
/*!40101 SET @OLD_CHARACTER_SET_RESULTS=@@CHARACTER_SET_RESULTS */;
/*!40101 SET @OLD_COLLATION_CONNECTION=@@COLLATION_CONNECTION */;
/*!40101 SET NAMES utf8 */;

--
-- Database: `sandbox`
--

-- --------------------------------------------------------

--
-- Table structure for table `ci_sessions`
--

CREATE TABLE `ci_sessions` (
  `id` varchar(128) NOT NULL,
  `ip_address` varchar(45) NOT NULL,
  `timestamp` int(10) UNSIGNED NOT NULL DEFAULT '0',
  `data` blob NOT NULL
) ENGINE=InnoDB DEFAULT CHARSET=utf8;

--
-- Dumping data for table `ci_sessions`
--

INSERT INTO `ci_sessions` (`id`, `ip_address`, `timestamp`, `data`) VALUES
('08a1839dca383e5d125494c0529cef95d45760b2', '41.190.3.132', 1484030847, 0x5f5f63695f6c6173745f726567656e65726174657c693a313438343033303832373b6272616e63687c733a353a224bc3b66c6e223b69647c733a313a2233223b70617373776f72647c733a33323a223032623535313236653961323464663038386165633133343530323737653436223b746f6b656e7c733a33323a226635366365623839306132393363386237633237346333323939383366393063223b),
('f3b34087363a15ade9385ed1da705c1cbfeedca7', '41.190.3.132', 1484034288, 0x5f5f63695f6c6173745f726567656e65726174657c693a313438343033343238333b6272616e63687c733a353a224bc3b66c6e223b69647c733a313a2233223b70617373776f72647c733a33323a223032623535313236653961323464663038386165633133343530323737653436223b746f6b656e7c733a33323a226635366365623839306132393363386237633237346333323939383366393063223b),
('fac1e4d56b200f3b27873e7f0ff4665dc5e997b2', '41.190.3.132', 1484035762, 0x5f5f63695f6c6173745f726567656e65726174657c693a313438343033353532353b6272616e63687c733a353a224bc3b66c6e223b69647c733a313a2233223b70617373776f72647c733a33323a223032623535313236653961323464663038386165633133343530323737653436223b746f6b656e7c733a33323a226635366365623839306132393363386237633237346333323939383366393063223b),
('489be462817bf95fc84f36ac2f84bcff32151756', '41.190.3.132', 1484036146, 0x5f5f63695f6c6173745f726567656e65726174657c693a313438343033353835333b6272616e63687c733a353a224bc3b66c6e223b69647c733a313a2233223b70617373776f72647c733a33323a223032623535313236653961323464663038386165633133343530323737653436223b746f6b656e7c733a33323a226635366365623839306132393363386237633237346333323939383366393063223b),
('66ef849a3e5b71b8c28cc1a39fb8564554f87445', '41.190.3.132', 1484036253, 0x5f5f63695f6c6173745f726567656e65726174657c693a313438343033363136353b6272616e63687c733a353a224bc3b66c6e223b69647c733a313a2233223b70617373776f72647c733a33323a223032623535313236653961323464663038386165633133343530323737653436223b746f6b656e7c733a33323a226635366365623839306132393363386237633237346333323939383366393063223b),
('dbcaa461c865006e5579e53d3486bd9c67be0114', '217.232.72.15', 1484037274, 0x5f5f63695f6c6173745f726567656e65726174657c693a313438343033373237343b),
('30af4fec19805509bfca1fced6f9c7cf72124f4d', '217.232.72.15', 1484037483, 0x5f5f63695f6c6173745f726567656e65726174657c693a313438343033373438333b),
('258938faec90f3dfda6cfdad06004a5ac206f2d2', '217.70.193.203', 1484040104, 0x5f5f63695f6c6173745f726567656e65726174657c693a313438343034303035323b6272616e63687c733a333a22575550223b69647c733a313a2235223b70617373776f72647c733a33323a223534653538646437336336336266306130656635346231316232633732626164223b746f6b656e7c733a33323a226463313062396166653362336263663334363436626532346261316666306163223b),
('580de84672bd6169247b8815e6474fdadb8df8f6', '217.70.193.203', 1484040603, 0x5f5f63695f6c6173745f726567656e65726174657c693a313438343034303630333b),
('7030c879655fff074f9d93aa427f63c78a77f1e5', '41.190.2.33', 1484042118, 0x5f5f63695f6c6173745f726567656e65726174657c693a313438343034323130373b6272616e63687c733a353a224bc3b66c6e223b69647c733a313a2233223b70617373776f72647c733a33323a223032623535313236653961323464663038386165633133343530323737653436223b746f6b656e7c733a33323a226635366365623839306132393363386237633237346333323939383366393063223b),
('a846a0f2ee73d7326fd6eefaf39dc4711cf4dc97', '80.187.105.53', 1484064079, 0x5f5f63695f6c6173745f726567656e65726174657c693a313438343036343037393b),
('63a8d6f61c8d7f1528cfd441f595bffd3377da13', '80.187.105.53', 1484064085, 0x5f5f63695f6c6173745f726567656e65726174657c693a313438343036343037393b),
('d037bb4eaba13e986cbc120f64cee6608b0c3ff3', '217.232.72.15', 1484073761, 0x5f5f63695f6c6173745f726567656e65726174657c693a313438343037333736313b),
('4f7f71e08533c0e10ae8d4ccc09453fada24618d', '128.68.35.15', 1484116494, 0x5f5f63695f6c6173745f726567656e65726174657c693a313438343131363439343b),
('a9e1f97a659b67244f4433235e188175e179340d', '78.35.7.46', 1484126106, 0x5f5f63695f6c6173745f726567656e65726174657c693a313438343132363130363b),
('ade255d9499aeb071dbc190e00237170f2382451', '78.35.7.46', 1484126106, 0x5f5f63695f6c6173745f726567656e65726174657c693a313438343132363130363b),
('c6b02ac6743906b7187b6d087bff544565fc709b', '78.35.7.46', 1484129640, 0x5f5f63695f6c6173745f726567656e65726174657c693a313438343132383831383b6272616e63687c733a353a224bc3b66c6e223b69647c733a313a2233223b70617373776f72647c733a33323a223032623535313236653961323464663038386165633133343530323737653436223b746f6b656e7c733a33323a226635366365623839306132393363386237633237346333323939383366393063223b),
('f98b91ac3f90efd4ade78ac2ceceb07771e2a0cb', '217.70.193.203', 1484129181, 0x5f5f63695f6c6173745f726567656e65726174657c693a313438343132393138313b),
('964290d7c0948a29a602ced2340e839fb122b42a', '78.35.7.46', 1484133124, 0x5f5f63695f6c6173745f726567656e65726174657c693a313438343132393634373b6272616e63687c733a353a224bc3b66c6e223b69647c733a313a2233223b70617373776f72647c733a33323a223032623535313236653961323464663038386165633133343530323737653436223b746f6b656e7c733a33323a226635366365623839306132393363386237633237346333323939383366393063223b),
('20c31aa2bc725bec7633c4581e05dc3ca2fa35e3', '78.35.7.46', 1484135091, 0x5f5f63695f6c6173745f726567656e65726174657c693a313438343133333438333b6272616e63687c733a353a224bc3b66c6e223b69647c733a313a2233223b70617373776f72647c733a33323a223032623535313236653961323464663038386165633133343530323737653436223b746f6b656e7c733a33323a226635366365623839306132393363386237633237346333323939383366393063223b),
('fbeb98fe0f30fe7a68f29dead66a546ef475e8d2', '78.35.7.46', 1484135801, 0x5f5f63695f6c6173745f726567656e65726174657c693a313438343133353332383b6272616e63687c733a353a224bc3b66c6e223b69647c733a313a2233223b70617373776f72647c733a33323a223032623535313236653961323464663038386165633133343530323737653436223b746f6b656e7c733a33323a226635366365623839306132393363386237633237346333323939383366393063223b),
('3d87fa4c00ed7750b78fc9ebe5b6b388469e9e40', '78.35.7.46', 1484139228, 0x5f5f63695f6c6173745f726567656e65726174657c693a313438343133353933303b6272616e63687c733a353a224bc3b66c6e223b69647c733a313a2233223b70617373776f72647c733a33323a223032623535313236653961323464663038386165633133343530323737653436223b746f6b656e7c733a33323a226635366365623839306132393363386237633237346333323939383366393063223b),
('249d7280f3422f215b1018e04309b4230952fe37', '78.35.7.46', 1484139810, 0x5f5f63695f6c6173745f726567656e65726174657c693a313438343133393434333b6272616e63687c733a353a224bc3b66c6e223b69647c733a313a2233223b70617373776f72647c733a33323a223032623535313236653961323464663038386165633133343530323737653436223b746f6b656e7c733a33323a226635366365623839306132393363386237633237346333323939383366393063223b),
('1ff182e598828e55de121be438c7983061422f1a', '78.35.7.46', 1484140009, 0x5f5f63695f6c6173745f726567656e65726174657c693a313438343133393832383b6272616e63687c733a353a224bc3b66c6e223b69647c733a313a2233223b70617373776f72647c733a33323a223032623535313236653961323464663038386165633133343530323737653436223b746f6b656e7c733a33323a226635366365623839306132393363386237633237346333323939383366393063223b),
('4d34309d2c62e33d2788af410c459487262f8ec9', '78.35.7.46', 1484150659, 0x5f5f63695f6c6173745f726567656e65726174657c693a313438343134373036313b6272616e63687c733a353a224bc3b66c6e223b69647c733a313a2233223b70617373776f72647c733a33323a223032623535313236653961323464663038386165633133343530323737653436223b746f6b656e7c733a33323a226635366365623839306132393363386237633237346333323939383366393063223b),
('5cd7543b73001f6f4b85ee389da3dca9b9bc2b8c', '217.70.193.203', 1484148984, 0x5f5f63695f6c6173745f726567656e65726174657c693a313438343134383933303b6272616e63687c733a353a224bc3b66c6e223b69647c733a313a2233223b70617373776f72647c733a33323a223032623535313236653961323464663038386165633133343530323737653436223b746f6b656e7c733a33323a226635366365623839306132393363386237633237346333323939383366393063223b),
('2e994f867c0430e96414c7641536cd39883e9be5', '217.70.193.203', 1484149237, 0x5f5f63695f6c6173745f726567656e65726174657c693a313438343134393233373b),
('179144c1a3d15a35b63304bf7b0fd36193c375a5', '78.35.7.46', 1484239850, 0x5f5f63695f6c6173745f726567656e65726174657c693a313438343231333031333b6272616e63687c733a353a224bc3b66c6e223b69647c733a313a2233223b70617373776f72647c733a33323a223032623535313236653961323464663038386165633133343530323737653436223b746f6b656e7c733a33323a226635366365623839306132393363386237633237346333323939383366393063223b),
('6324c2b9645c2d97839ca3762f1cf043959cb497', '87.250.244.11', 1484217520, 0x5f5f63695f6c6173745f726567656e65726174657c693a313438343231373532303b),
('f7d39749a37b81b79902676cef3536854e3da50a', '41.190.2.179', 1484245425, 0x5f5f63695f6c6173745f726567656e65726174657c693a313438343234353432353b),
('d8134b68fdfd4010f1648b55d30ad38959873570', '41.190.2.165', 1484251330, 0x5f5f63695f6c6173745f726567656e65726174657c693a313438343235313333303b),
('8069f5a1322b45a473121bb52abbcddb4bb44b59', '41.190.2.165', 1484251385, 0x5f5f63695f6c6173745f726567656e65726174657c693a313438343235313338353b),
('f7146b1707a3d3e6d074843a8d248551e0ee8bb3', '41.190.2.165', 1484256087, 0x5f5f63695f6c6173745f726567656e65726174657c693a313438343235363038373b),
('05adc8a92d94d824b5cb77bef5f55ad8a2e3b6a4', '217.232.64.89', 1484257110, 0x5f5f63695f6c6173745f726567656e65726174657c693a313438343235373130303b6272616e63687c733a353a224bc3b66c6e223b69647c733a313a2233223b70617373776f72647c733a33323a223032623535313236653961323464663038386165633133343530323737653436223b746f6b656e7c733a33323a226635366365623839306132393363386237633237346333323939383366393063223b),
('56b8c344dffcf47ae34a8ef50ec9ba8f137a95df', '217.232.64.89', 1484257100, 0x5f5f63695f6c6173745f726567656e65726174657c693a313438343235373130303b),
('c32c097ab123c80ef98008c56c0c78f8e375169b', '78.35.7.46', 1484299509, 0x5f5f63695f6c6173745f726567656e65726174657c693a313438343239393431373b6272616e63687c733a353a224bc3b66c6e223b69647c733a313a2233223b70617373776f72647c733a33323a223032623535313236653961323464663038386165633133343530323737653436223b746f6b656e7c733a33323a226635366365623839306132393363386237633237346333323939383366393063223b),
('2bc8881d69c12a16caff284a8ef2bcecc97942c0', '78.35.7.46', 1484304190, 0x5f5f63695f6c6173745f726567656e65726174657c693a313438343239393830333b6272616e63687c733a353a224bc3b66c6e223b69647c733a313a2233223b70617373776f72647c733a33323a223032623535313236653961323464663038386165633133343530323737653436223b746f6b656e7c733a33323a226635366365623839306132393363386237633237346333323939383366393063223b),
('ac13fb5d809a9ca767d5db3de03fb08ed09cc081', '78.35.7.46', 1484304663, 0x5f5f63695f6c6173745f726567656e65726174657c693a313438343330343238333b6272616e63687c733a353a224bc3b66c6e223b69647c733a313a2233223b70617373776f72647c733a33323a223032623535313236653961323464663038386165633133343530323737653436223b746f6b656e7c733a33323a226635366365623839306132393363386237633237346333323939383366393063223b),
('5d0548bd5e43dd947ea7b9279666358e20115e49', '78.35.7.46', 1484304931, 0x5f5f63695f6c6173745f726567656e65726174657c693a313438343330343739343b6272616e63687c733a353a224bc3b66c6e223b69647c733a313a2233223b70617373776f72647c733a33323a223032623535313236653961323464663038386165633133343530323737653436223b746f6b656e7c733a33323a226635366365623839306132393363386237633237346333323939383366393063223b),
('f4c8845cb2bab496c2c488d767c7e11314ff4e47', '217.70.193.203', 1484305462, 0x5f5f63695f6c6173745f726567656e65726174657c693a313438343330353138303b6272616e63687c733a353a224bc3b66c6e223b69647c733a313a2233223b70617373776f72647c733a33323a223032623535313236653961323464663038386165633133343530323737653436223b746f6b656e7c733a33323a226635366365623839306132393363386237633237346333323939383366393063223b),
('b0933eaeeae8b23d8a2d404d33ef1ec32ecd6f5e', '78.35.7.46', 1484305267, 0x5f5f63695f6c6173745f726567656e65726174657c693a313438343330353230303b6272616e63687c733a353a224bc3b66c6e223b69647c733a313a2233223b70617373776f72647c733a33323a223032623535313236653961323464663038386165633133343530323737653436223b746f6b656e7c733a33323a226635366365623839306132393363386237633237346333323939383366393063223b),
('5783f729e7e6ba9643f2d9dad97a2f08f66475d1', '217.70.193.203', 1484305683, 0x5f5f63695f6c6173745f726567656e65726174657c693a313438343330353638333b),
('e337308431e46c3e438dd0587095badb14180d5d', '78.35.7.46', 1484310266, 0x5f5f63695f6c6173745f726567656e65726174657c693a313438343330363237393b6272616e63687c733a353a224bc3b66c6e223b69647c733a313a2233223b70617373776f72647c733a33323a223032623535313236653961323464663038386165633133343530323737653436223b746f6b656e7c733a33323a226635366365623839306132393363386237633237346333323939383366393063223b),
('4faa3ae468abd2893341e9529a790215d2f5705f', '217.70.193.203', 1484308580, 0x5f5f63695f6c6173745f726567656e65726174657c693a313438343330383538303b),
('5fc81a1fccb1ae26739f7856ec826d94aa77c7bd', '217.70.193.203', 1484308741, 0x5f5f63695f6c6173745f726567656e65726174657c693a313438343330383732313b6272616e63687c733a353a224bc3b66c6e223b69647c733a313a2233223b70617373776f72647c733a33323a223032623535313236653961323464663038386165633133343530323737653436223b746f6b656e7c733a33323a226635366365623839306132393363386237633237346333323939383366393063223b),
('9b36e3d3ef85dd47a2673a0a1ca07ac178aacdd3', '93.200.246.102', 1484311815, 0x5f5f63695f6c6173745f726567656e65726174657c693a313438343330393232333b6272616e63687c733a333a2248414a223b69647c733a313a2232223b70617373776f72647c733a33323a223532623864613332613630636433353438366230343333383663633161333130223b746f6b656e7c733a33323a223736343433306138663936666463663365616431363836643939663265373932223b),
('ccc2636dd17f1375630d9c648a47a70a5b488e92', '150.70.188.165', 1484309339, 0x5f5f63695f6c6173745f726567656e65726174657c693a313438343330393333393b),
('9d36ff2649e5824e5b22761c7d62183d2b07b6bf', '212.114.206.0', 1484309975, 0x5f5f63695f6c6173745f726567656e65726174657c693a313438343330393639323b6272616e63687c733a353a224742757267223b69647c733a313a2231223b70617373776f72647c733a33323a223964633864643262653261636132633436376130333966643764323533313935223b746f6b656e7c733a33323a226137363033656333336665616535323864616339646666656232303961643835223b),
('e05c9d5f5e68739acd57d4ee938a0c3bd4d24b16', '212.114.206.0', 1484310225, 0x5f5f63695f6c6173745f726567656e65726174657c693a313438343331303036373b6272616e63687c733a353a224742757267223b69647c733a313a2231223b70617373776f72647c733a33323a223964633864643262653261636132633436376130333966643764323533313935223b746f6b656e7c733a33323a226137363033656333336665616535323864616339646666656232303961643835223b),
('fca2a433ce6aed5064835e683a972db633e59a99', '78.35.7.46', 1484315456, 0x5f5f63695f6c6173745f726567656e65726174657c693a313438343331303236383b6272616e63687c733a353a224bc3b66c6e223b69647c733a313a2233223b70617373776f72647c733a33323a223032623535313236653961323464663038386165633133343530323737653436223b746f6b656e7c733a33323a226635366365623839306132393363386237633237346333323939383366393063223b),
('46fef0a19811f977711aafc2940afd6b4bd30d2e', '46.189.31.1', 1484310796, 0x5f5f63695f6c6173745f726567656e65726174657c693a313438343331303739363b),
('04876ba1af3236ec68f9879ce3d51950b63dc79d', '217.70.193.203', 1484310890, 0x5f5f63695f6c6173745f726567656e65726174657c693a313438343331303839303b),
('4758cf79abb96f2c0733427b6fb97d5ebf505422', '150.70.173.50', 1484310920, 0x5f5f63695f6c6173745f726567656e65726174657c693a313438343331303932303b),
('fe136e35d716a8555305e3708e7f1af05f84b5c9', '46.189.31.1', 1484311103, 0x5f5f63695f6c6173745f726567656e65726174657c693a313438343331313130333b),
('0e90511d5b0f882046b4b45fa3deb041f4e8c48b', '46.189.31.1', 1484311104, 0x5f5f63695f6c6173745f726567656e65726174657c693a313438343331313130343b),
('c0c166be7e5f420aff1c2964eb55f1f3db7f5a93', '46.189.31.1', 1484311173, 0x5f5f63695f6c6173745f726567656e65726174657c693a313438343331313130343b6272616e63687c733a333a22575550223b69647c733a313a2235223b70617373776f72647c733a33323a223534653538646437336336336266306130656635346231316232633732626164223b746f6b656e7c733a33323a226463313062396166653362336263663334363436626532346261316666306163223b),
('c7491615f5d96fd397d27e4e921cf13c62893b67', '46.189.31.1', 1484311644, 0x5f5f63695f6c6173745f726567656e65726174657c693a313438343331313231313b6272616e63687c733a333a22575550223b69647c733a313a2235223b70617373776f72647c733a33323a223534653538646437336336336266306130656635346231316232633732626164223b746f6b656e7c733a33323a226463313062396166653362336263663334363436626532346261316666306163223b),
('80977ffa91d6393ac999293838070097ce34f936', '46.189.31.1', 1484311650, 0x5f5f63695f6c6173745f726567656e65726174657c693a313438343331313635303b),
('ed920e4710d1c4cf4a99de944961fbc23a98abf8', '217.70.193.203', 1484312704, 0x5f5f63695f6c6173745f726567656e65726174657c693a313438343331323639393b6272616e63687c733a353a224bc3b66c6e223b69647c733a313a2233223b70617373776f72647c733a33323a223032623535313236653961323464663038386165633133343530323737653436223b746f6b656e7c733a33323a226635366365623839306132393363386237633237346333323939383366393063223b),
('6d88c694d7866fecafc887b070a1a6b5a4db4f1f', '212.114.206.0', 1484313597, 0x5f5f63695f6c6173745f726567656e65726174657c693a313438343331333539373b),
('3ae0329f3f671143e76ae3496389d8ad51df0fae', '93.200.246.102', 1484314192, 0x5f5f63695f6c6173745f726567656e65726174657c693a313438343331333839323b6272616e63687c733a333a2248414a223b69647c733a313a2232223b70617373776f72647c733a33323a223532623864613332613630636433353438366230343333383663633161333130223b746f6b656e7c733a33323a223736343433306138663936666463663365616431363836643939663265373932223b),
('a41df3e1556c2a6a72343cfe2ccf29b1acfb3222', '93.200.246.102', 1484314485, 0x5f5f63695f6c6173745f726567656e65726174657c693a313438343331343139373b6272616e63687c733a333a2248414a223b69647c733a313a2232223b70617373776f72647c733a33323a223532623864613332613630636433353438366230343333383663633161333130223b746f6b656e7c733a33323a223736343433306138663936666463663365616431363836643939663265373932223b),
('9bdb6dfada0887c24032fe880c0fd4bb36061632', '93.200.246.102', 1484314715, 0x5f5f63695f6c6173745f726567656e65726174657c693a313438343331343531373b6272616e63687c733a333a2248414a223b69647c733a313a2232223b70617373776f72647c733a33323a223532623864613332613630636433353438366230343333383663633161333130223b746f6b656e7c733a33323a223736343433306138663936666463663365616431363836643939663265373932223b),
('52f7ffdb5bdb6d803c48f6a834af49996bfb0848', '46.189.31.1', 1484314525, 0x5f5f63695f6c6173745f726567656e65726174657c693a313438343331343532353b),
('f55ab70e023877c737c55dc85fd6c7fce0ed18ee', '46.189.31.1', 1484315402, 0x5f5f63695f6c6173745f726567656e65726174657c693a313438343331353039373b6272616e63687c733a333a22575550223b69647c733a313a2235223b70617373776f72647c733a33323a223534653538646437336336336266306130656635346231316232633732626164223b746f6b656e7c733a33323a226463313062396166653362336263663334363436626532346261316666306163223b),
('633c4759237405bc795b89dd6df353d620f3ed0c', '46.189.31.1', 1484315410, 0x5f5f63695f6c6173745f726567656e65726174657c693a313438343331353431303b6272616e63687c733a333a22575550223b69647c733a313a2235223b70617373776f72647c733a33323a223534653538646437336336336266306130656635346231316232633732626164223b746f6b656e7c733a33323a226463313062396166653362336263663334363436626532346261316666306163223b),
('60d44c2de8bef2811920fc08d98594802813a45c', '78.35.7.46', 1484325263, 0x5f5f63695f6c6173745f726567656e65726174657c693a313438343331353436363b6272616e63687c733a353a224bc3b66c6e223b69647c733a313a2233223b70617373776f72647c733a33323a223032623535313236653961323464663038386165633133343530323737653436223b746f6b656e7c733a33323a226635366365623839306132393363386237633237346333323939383366393063223b),
('5bad409db6fdd500fa0425a543d39197015de0aa', '217.70.193.203', 1484316154, 0x5f5f63695f6c6173745f726567656e65726174657c693a313438343331353930393b6272616e63687c733a353a224bc3b66c6e223b69647c733a313a2233223b70617373776f72647c733a33323a223032623535313236653961323464663038386165633133343530323737653436223b746f6b656e7c733a33323a226635366365623839306132393363386237633237346333323939383366393063223b),
('ca67ec3f1fff01568a0ebce62c2d3d1a7ec456a5', '46.189.31.1', 1484316499, 0x5f5f63695f6c6173745f726567656e65726174657c693a313438343331363138323b6272616e63687c733a333a22575550223b69647c733a313a2235223b70617373776f72647c733a33323a223534653538646437336336336266306130656635346231316232633732626164223b746f6b656e7c733a33323a226463313062396166653362336263663334363436626532346261316666306163223b),
('45de99babcce2417e56c377894b3098b8e6878d3', '46.189.31.1', 1484317508, 0x5f5f63695f6c6173745f726567656e65726174657c693a313438343331363530353b6272616e63687c733a333a22575550223b69647c733a313a2235223b70617373776f72647c733a33323a223534653538646437336336336266306130656635346231316232633732626164223b746f6b656e7c733a33323a226463313062396166653362336263663334363436626532346261316666306163223b),
('b2a181dc1ab47586ea122f42c320a00bcc518c5f', '46.189.31.1', 1484317815, 0x5f5f63695f6c6173745f726567656e65726174657c693a313438343331373531313b6272616e63687c733a333a22575550223b69647c733a313a2235223b70617373776f72647c733a33323a223534653538646437336336336266306130656635346231316232633732626164223b746f6b656e7c733a33323a226463313062396166653362336263663334363436626532346261316666306163223b),
('374ca88f48dbd7365feef673a5fa38847524f378', '46.189.31.1', 1484318190, 0x5f5f63695f6c6173745f726567656e65726174657c693a313438343331373831373b6272616e63687c733a333a22575550223b69647c733a313a2235223b70617373776f72647c733a33323a223534653538646437336336336266306130656635346231316232633732626164223b746f6b656e7c733a33323a226463313062396166653362336263663334363436626532346261316666306163223b),
('03413b8db0692768ba6f6b9c71e819fa87701584', '46.189.31.1', 1484319766, 0x5f5f63695f6c6173745f726567656e65726174657c693a313438343331383230343b6272616e63687c733a333a22575550223b69647c733a313a2235223b70617373776f72647c733a33323a223534653538646437336336336266306130656635346231316232633732626164223b746f6b656e7c733a33323a226463313062396166653362336263663334363436626532346261316666306163223b),
('8d746e16ae28e13f730966127e2c50580d55d371', '46.189.31.1', 1484320013, 0x5f5f63695f6c6173745f726567656e65726174657c693a313438343331393737303b6272616e63687c733a333a22575550223b69647c733a313a2235223b70617373776f72647c733a33323a223534653538646437336336336266306130656635346231316232633732626164223b746f6b656e7c733a33323a226463313062396166653362336263663334363436626532346261316666306163223b),
('194ef302719064c2d7b3fc811b4c295198f38bd2', '46.189.31.1', 1484320524, 0x5f5f63695f6c6173745f726567656e65726174657c693a313438343332303532343b),
('96b685866f3a6664fa79fd8868a2079da9b8e71c', '46.189.31.1', 1484320639, 0x5f5f63695f6c6173745f726567656e65726174657c693a313438343332303633393b),
('616ad2935be81696e1dcef6519693cc9143ade25', '46.189.31.1', 1484320709, 0x5f5f63695f6c6173745f726567656e65726174657c693a313438343332303730393b),
('f6b51528d181e8aa84b602d9a34cc628ebc75223', '46.189.31.1', 1484322746, 0x5f5f63695f6c6173745f726567656e65726174657c693a313438343332323734363b),
('ce1862b826f18c69017e45b862861edc9370bab2', '46.189.31.1', 1484322800, 0x5f5f63695f6c6173745f726567656e65726174657c693a313438343332323830303b),
('72a302d771fde3a94b7fb4dc6b963f57fba93348', '46.189.31.1', 1484323496, 0x5f5f63695f6c6173745f726567656e65726174657c693a313438343332333338343b6272616e63687c733a333a22575550223b69647c733a313a2235223b70617373776f72647c733a33323a223534653538646437336336336266306130656635346231316232633732626164223b746f6b656e7c733a33323a226463313062396166653362336263663334363436626532346261316666306163223b),
('bc46bea3c2eb77c11b1a3e99f89d17e709f86ddd', '93.200.246.102', 1484324487, 0x5f5f63695f6c6173745f726567656e65726174657c693a313438343332333438393b6272616e63687c733a333a2248414a223b69647c733a313a2232223b70617373776f72647c733a33323a223532623864613332613630636433353438366230343333383663633161333130223b746f6b656e7c733a33323a223736343433306138663936666463663365616431363836643939663265373932223b),
('ef9ef1825cd6df619903b2d47cd61895d63fa065', '150.70.173.8', 1484323608, 0x5f5f63695f6c6173745f726567656e65726174657c693a313438343332333630383b),
('5c7181ff240f57ef385c632f8b693d6c5a99bb1b', '93.200.246.102', 1484326738, 0x5f5f63695f6c6173745f726567656e65726174657c693a313438343332353633383b6272616e63687c733a333a2248414a223b69647c733a313a2232223b70617373776f72647c733a33323a223532623864613332613630636433353438366230343333383663633161333130223b746f6b656e7c733a33323a223736343433306138663936666463663365616431363836643939663265373932223b),
('72a0e700a157bb1a7ed6a44726ed8f2728db47c8', '41.190.3.167', 1484326905, 0x5f5f63695f6c6173745f726567656e65726174657c693a313438343332363930353b),
('9e210bacf2ad48ce3c21a7c94ffd8b44d6b5ef8d', '41.190.3.167', 1484327178, 0x5f5f63695f6c6173745f726567656e65726174657c693a313438343332363930353b6272616e63687c733a353a224bc3b66c6e223b69647c733a313a2233223b70617373776f72647c733a33323a223032623535313236653961323464663038386165633133343530323737653436223b746f6b656e7c733a33323a226635366365623839306132393363386237633237346333323939383366393063223b);

-- --------------------------------------------------------

--
-- Table structure for table `consultants`
--

CREATE TABLE `consultants` (
  `id` int(11) NOT NULL,
  `company` varchar(100) NOT NULL,
  `name` varchar(100) NOT NULL,
  `user_id` int(11) NOT NULL,
  `date_created` datetime NOT NULL
) ENGINE=InnoDB DEFAULT CHARSET=utf8;

--
-- Dumping data for table `consultants`
--

INSERT INTO `consultants` (`id`, `company`, `name`, `user_id`, `date_created`) VALUES
(82, '47', 'Herr Hermanns', 3, '2017-01-04 10:00:48'),
(83, '36', 'Herr Wölk', 3, '2017-01-04 10:04:13'),
(84, '49', 'Frau Lake', 3, '2017-01-04 10:02:57'),
(86, '53', 'Herr Toninger', 3, '2017-01-04 10:12:32'),
(87, '58', 'Frau Hübschke', 3, '2017-01-04 10:13:23'),
(88, '51', 'Her Schäfer', 3, '2017-01-05 11:02:23'),
(89, '50', 'Herr Covic', 3, '2017-01-04 11:18:31'),
(90, '44', 'Frau Goldhausen', 3, '2017-01-04 11:39:18'),
(91, '38', 'Herr Kuckero', 3, '2017-01-04 11:42:00'),
(92, '36', 'Wölk', 3, '2017-01-04 12:05:22'),
(94, '48', 'Herr Schupp', 3, '2017-01-04 13:30:59'),
(96, '36', 'Schäfer', 3, '2017-01-04 14:01:49'),
(97, '39', 'Frau vo Qiustorp', 3, '2017-01-04 14:42:22'),
(98, '42', 'Frau Schäfer', 3, '2017-01-04 14:55:45'),
(102, '50', 'Herr Fröndgen', 3, '2017-01-04 15:51:20'),
(103, '37', 'Frau Arndt-Gronski', 3, '2017-01-05 10:00:48'),
(106, '52', 'Herr Günter Vallen', 3, '2017-01-05 11:00:36'),
(108, '54', 'Frau Aubel', 3, '2017-01-05 12:33:48'),
(109, '59', 'Herr Jeschke', 3, '2017-01-05 13:00:55'),
(110, '59', 'Herrn Stark', 3, '2017-01-05 13:01:29'),
(111, '43', 'Herr Hoffmann', 3, '2017-01-05 13:15:02'),
(113, '58', 'Frau Eggers', 3, '2017-01-05 14:42:48'),
(114, '46', 'Herr Decker', 3, '2017-01-05 15:08:04'),
(115, '36', 'Frau Buslei', 3, '2017-01-05 15:49:59'),
(118, '52', 'Herr Vallen Junior', 3, '2017-01-06 10:04:18'),
(119, '59', 'Herr Stark', 3, '2017-01-06 10:16:30'),
(120, '53', 'Pfannkuch', 3, '2017-01-06 10:27:00'),
(121, '41', 'Engelstädter', 3, '2017-01-06 10:46:52'),
(123, '56', 'Snyders', 3, '2017-01-06 14:12:33'),
(124, '38', 'Schneider', 3, '2017-01-06 16:24:45'),
(125, '46', 'Decker', 3, '2017-01-06 16:34:20'),
(126, '36', 'Wagener', 3, '2017-01-06 16:39:26'),
(127, '37', 'Kuhlmann', 3, '2017-01-06 15:08:26'),
(128, '53', 'Toninger', 3, '2017-01-06 14:54:52'),
(129, '45', 'Heesen', 3, '2017-01-06 14:50:20'),
(130, '49', 'Helser', 3, '2017-01-06 14:28:33'),
(131, '1', 'Frau Austel', 1, '2017-01-10 08:02:57'),
(132, '1', 'Herrn Göttling', 1, '2017-01-10 08:02:58'),
(133, '1', 'Herrn Hadzalic', 1, '2017-01-10 08:02:57'),
(134, '1', 'Herrn Kaljic', 1, '2017-01-10 08:02:58'),
(135, '1', 'Herrn Ruhnke', 1, '2017-01-10 08:02:57'),
(136, '1', 'Herrn Russo', 1, '2017-01-10 08:02:58'),
(137, '1', 'Herrn Vollmann', 1, '2017-01-10 08:02:57'),
(138, '1', 'Herrn Zarrilli', 1, '2017-01-10 08:02:58'),
(139, '2', 'Frau Aurbacher', 1, '2017-01-10 08:02:58'),
(140, '2', 'Herrn Erstling', 1, '2017-01-10 08:02:57'),
(141, '2', 'Herrn Huber', 1, '2017-01-10 08:02:58'),
(142, '2', 'Frau Meindorfer', 1, '2017-01-10 08:02:57'),
(143, '2', 'Frau Peters', 1, '2017-01-10 08:02:58'),
(144, '2', 'Frau Sommer', 1, '2017-01-10 08:02:57'),
(145, '3', 'Herrn Gabor', 1, '2017-01-10 08:02:57'),
(146, '3', 'Frau Klein', 1, '2017-01-10 08:02:57'),
(147, '3', 'Herrn Thomma', 1, '2017-01-10 08:02:57'),
(148, '3', 'Herrn Wonneberger', 1, '2017-01-10 08:02:57'),
(149, '4', 'Eheleute Hartmann', 1, '2017-01-10 08:02:58'),
(150, '4', 'Herrn Hinz', 1, '2017-01-10 08:02:58'),
(151, '4', 'Herrn Maurer', 1, '2017-01-10 08:02:57'),
(152, '5', 'Frau Herrmann', 1, '2017-01-10 08:02:57'),
(153, '5', 'Herrn Hundsdörfer', 1, '2017-01-10 08:02:57'),
(154, '6', 'Frau Feringa', 1, '2017-01-10 08:02:58'),
(155, '6', 'Herrn Gruber', 1, '2017-01-10 08:02:57'),
(156, '6', 'Herrn Kleinbauer', 1, '2017-01-10 08:02:57'),
(157, '7', 'Herrn Englisch', 1, '2017-01-10 08:02:57'),
(158, '7', 'Herrn Genz', 1, '2017-01-10 08:02:57'),
(159, '7', 'Herrn Kichler', 1, '2017-01-10 08:02:57'),
(160, '7', 'Herrn Peter', 1, '2017-01-10 08:02:57'),
(161, '8', 'Frau Boßler', 1, '2017-01-10 08:02:57'),
(162, '8', 'Herrn Klingshirn', 1, '2017-01-10 08:02:57'),
(163, '8', 'Herrn Schramm', 1, '2017-01-10 08:02:57'),
(164, '8', 'Herrn Schuster', 1, '2017-01-10 08:02:57'),
(165, '8', 'Herrn Treffler', 1, '2017-01-10 08:02:57'),
(166, '10', 'Herrn Blumer', 1, '2017-01-10 08:02:57'),
(167, '10', 'Herrn Lesche', 1, '2017-01-10 08:02:57'),
(168, '10', 'Herrn Medel', 1, '2017-01-10 08:02:57'),
(169, '10', 'Herrn Rieger', 1, '2017-01-10 08:02:57'),
(170, '11', 'Frau Andraschko', 1, '2017-01-10 08:02:57'),
(171, '11', 'Herrn Beckendorf', 1, '2017-01-10 08:02:57'),
(172, '11', 'Herrn Büdenbender', 1, '2017-01-10 08:02:57'),
(173, '11', 'Frau Gaschler', 1, '2017-01-10 08:02:57'),
(174, '11', 'Herrn Schieber', 1, '2017-01-10 08:02:57'),
(175, '11', 'Herrn Widmann', 1, '2017-01-10 08:02:57'),
(176, '12', 'Herrn Dosch', 1, '2017-01-10 08:02:57'),
(177, '12', 'Herrn Hofmann', 1, '2017-01-10 08:02:57'),
(178, '13', 'Herrn Antolovic', 1, '2017-01-10 08:02:57'),
(179, '13', 'Frau Bruggesser', 1, '2017-01-10 08:02:57'),
(180, '13', 'Herrn Holzer', 1, '2017-01-10 08:02:57'),
(181, '13', 'Frau Kovac', 1, '2017-01-10 08:02:57'),
(182, '13', 'Herrn Meyer', 1, '2017-01-10 08:02:57'),
(183, '13', 'Herrn Schäfer', 1, '2017-01-10 08:02:57'),
(184, '13', 'Herrn Trebbin', 1, '2017-01-10 08:02:57'),
(185, '14', 'Herrn Müller', 1, '2017-01-10 08:02:57'),
(186, '14', 'Herrn Sange', 1, '2017-01-10 08:02:57'),
(187, '15', 'Herrn Gürtner', 1, '2017-01-10 08:02:57'),
(188, '15', 'Herrn Lang', 1, '2017-01-10 08:02:57'),
(189, '15', 'Herrn Schwarz', 1, '2017-01-10 08:02:57'),
(190, '16', 'Herrn Denlöffel', 1, '2017-01-10 08:02:57'),
(191, '16', 'Herrn Grupp', 1, '2017-01-10 08:02:57'),
(192, '16', 'Frau Kurz', 1, '2017-01-10 08:02:57'),
(193, '16', 'Herrn Lämmle', 1, '2017-01-10 08:02:57'),
(194, '16', 'Herrn Seckler', 1, '2017-01-10 08:02:57'),
(195, '17', 'Herrn Hofmann', 1, '2017-01-10 08:02:57'),
(196, '17', 'Herrn Kuraschek', 1, '2017-01-10 08:02:57'),
(197, '17', 'Frau Rösmann', 1, '2017-01-10 08:02:57'),
(198, '17', 'Herrn Scheuermann', 1, '2017-01-10 08:02:57'),
(199, '17', 'Frau Schwalowski', 1, '2017-01-10 08:02:57'),
(200, '18', 'Herrn Dölling', 1, '2017-01-10 08:02:57'),
(201, '18', 'Herrn Engfer', 1, '2017-01-10 08:02:57'),
(202, '18', 'Herrn Hammer', 1, '2017-01-10 08:02:57'),
(203, '19', 'Herrn Columpsi', 1, '2017-01-10 08:02:57'),
(204, '19', 'Frau Eberhardt', 1, '2017-01-10 08:02:57'),
(205, '19', 'Herrn Lasch', 1, '2017-01-10 08:02:57'),
(206, '19', 'Herrn Mair', 1, '2017-01-10 08:02:57'),
(207, '19', 'Herrn Rohrlack', 1, '2017-01-10 08:02:57'),
(208, '78', 'Herrn Asshauer', 5, '2017-01-10 08:02:58'),
(209, '78', 'Herrn Büssing', 5, '2017-01-10 08:02:57'),
(210, '78', 'Herrn Ebing', 5, '2017-01-10 08:02:58'),
(211, '78', 'Herrn Sanden', 5, '2017-01-13 14:06:48'),
(212, '78', 'Herrn Hemke', 5, '2017-01-10 08:02:58'),
(213, '78', 'Herrn Hesse', 5, '2017-01-10 08:02:57'),
(214, '78', 'Frau Kindermann', 5, '2017-01-10 08:02:58'),
(215, '78', 'Herrn Klee', 5, '2017-01-10 08:02:57'),
(216, '78', 'Herrn Landsberg', 5, '2017-01-10 08:02:58'),
(217, '78', 'Frau Lukas', 5, '2017-01-10 08:02:57'),
(218, '78', 'Herrn Resewski', 5, '2017-01-10 08:02:58'),
(219, '78', 'Herrn Schipper', 5, '2017-01-10 08:02:57'),
(220, '79', 'Herrn Friese', 5, '2017-01-10 08:02:58'),
(221, '79', 'Frau Krönke', 5, '2017-01-10 08:02:57'),
(222, '79', 'Frau Kuckero', 5, '2017-01-10 08:02:58'),
(223, '79', 'Herrn Kuckero', 5, '2017-01-10 08:02:57'),
(224, '79', 'Frau Lambert', 5, '2017-01-10 08:02:58'),
(225, '79', 'Herrn Wurmbach', 5, '2017-01-10 08:02:57'),
(226, '80', 'Herrn Jettkandt', 5, '2017-01-10 08:02:57'),
(227, '80', 'Herrn Morgenschweis', 5, '2017-01-10 08:02:57'),
(228, '81', 'Herrn Allstadt', 5, '2017-01-10 08:02:57'),
(229, '81', 'Herrn Dyhr', 5, '2017-01-10 08:02:57'),
(230, '81', 'Frau Meiser', 5, '2017-01-10 08:02:58'),
(231, '82', 'Herrn Freyermuth', 5, '2017-01-10 08:02:58'),
(232, '82', 'Herrn Krenz', 5, '2017-01-10 08:02:57'),
(233, '82', 'Frau Lamprecht', 5, '2017-01-10 08:02:58'),
(234, '82', 'Herrn Mayer', 5, '2017-01-10 08:02:57'),
(235, '82', 'Herrn Schmidt', 5, '2017-01-10 08:02:57'),
(236, '83', 'Herrn Delor', 5, '2017-01-10 08:02:57'),
(237, '83', 'Herrn Stachelhaus', 5, '2017-01-10 08:02:58'),
(240, '84', 'Herrn Kiene', 5, '2017-01-10 08:02:58'),
(243, '85', 'Herrn Becker', 5, '2017-01-10 08:02:57'),
(244, '85', 'Herrn Kanwischer', 5, '2017-01-10 08:02:57'),
(245, '85', 'Frau Latzel', 5, '2017-01-10 08:02:57'),
(246, '85', 'Herrn Obendorfer', 5, '2017-01-10 08:02:57'),
(247, '85', 'Frau Petreska', 5, '2017-01-10 08:02:57'),
(248, '86', 'Herrn Benscheidt', 5, '2017-01-10 08:02:57'),
(249, '86', 'Herrn Frederking', 5, '2017-01-10 08:02:57'),
(250, '86', 'Frau Hülssiep', 5, '2017-01-10 08:02:57'),
(251, '86', 'Herrn Laga', 5, '2017-01-10 08:02:57'),
(252, '86', 'Herrn Ortel', 5, '2017-01-10 08:02:57'),
(253, '86', 'Herrn Wolter', 5, '2017-01-10 08:02:57'),
(254, '87', 'Herrn Henn', 5, '2017-01-10 08:02:57'),
(255, '87', 'Herrn Schupp', 5, '2017-01-10 08:02:57'),
(256, '88', 'Herrn Hanke', 5, '2017-01-10 08:02:57'),
(257, '88', 'Herrn Kohlberger', 5, '2017-01-10 08:02:57'),
(258, '88', 'Herrn Rügge', 5, '2017-01-10 08:02:57'),
(259, '88', 'Herrn Schmidt', 5, '2017-01-10 08:02:57'),
(260, '88', 'Herrn Schreiner', 5, '2017-01-10 08:02:57'),
(261, '88', 'Herrn Zobel', 5, '2017-01-10 08:02:57'),
(262, '89', 'Herrn Hartig', 5, '2017-01-10 08:02:57'),
(263, '89', 'Herrn Reinirkens', 5, '2017-01-10 08:02:57'),
(264, '90', 'Herrn Bönte', 5, '2017-01-10 08:02:57'),
(265, '90', 'Frau Kopp', 5, '2017-01-10 08:02:57'),
(266, '90', 'Herrn Lippegaus', 5, '2017-01-10 08:02:57'),
(267, '90', 'Herrn Merkel', 5, '2017-01-10 08:02:57'),
(268, '90', 'Frau Weiler', 5, '2017-01-10 08:02:57'),
(269, '90', 'Herrn Yildiz', 5, '2017-01-10 08:02:57'),
(270, '91', 'Herrn Franke', 5, '2017-01-10 08:02:57'),
(271, '91', 'Herrn Schmidt', 5, '2017-01-10 08:02:57'),
(272, '92', 'Herrn Endler', 5, '2017-01-10 08:02:57'),
(273, '92', 'Herrn Grosch', 5, '2017-01-10 08:02:57'),
(274, '92', 'Herrn Herrmann', 5, '2017-01-10 08:02:57'),
(275, '92', 'Herrn Schäfer', 5, '2017-01-10 08:02:57'),
(276, '93', 'Frau Aubel', 5, '2017-01-10 08:02:57'),
(277, '93', 'Herrn Ems', 5, '2017-01-10 08:02:57'),
(278, '93', 'Herrn Jettkandt', 5, '2017-01-10 08:02:57'),
(279, '93', 'Herrn Oster', 5, '2017-01-10 08:02:57'),
(280, '94', 'Herrn Fuchs', 5, '2017-01-10 08:02:57'),
(281, '94', 'Frau Strogies', 5, '2017-01-10 08:02:57'),
(282, '94', 'Herrn Zehrtisch', 5, '2017-01-10 08:02:57'),
(283, '94', 'Frau Zerth', 5, '2017-01-10 08:02:57'),
(284, '95', 'Herrn Lindemann', 5, '2017-01-10 08:02:57'),
(285, '95', 'Herrn Lückgen', 5, '2017-01-10 08:02:57'),
(286, '95', 'Herrn Rahn', 5, '2017-01-10 08:02:57'),
(287, '96', 'Herrn Dahmen', 5, '2017-01-10 08:02:57'),
(288, '96', 'Herr Hahn', 5, '2017-01-10 08:02:57'),
(289, '96', 'Herr Heuer', 5, '2017-01-10 08:02:57'),
(290, '96', 'Herrn Moll', 5, '2017-01-10 08:02:57'),
(291, '96', 'Frau Müermann', 5, '2017-01-10 08:02:57'),
(292, '96', 'Herrn Schneider', 5, '2017-01-10 08:02:57'),
(293, '60', 'Herrn Böttcher', 4, '2017-01-10 08:02:57'),
(294, '60', 'Herrn Hofmann', 4, '2017-01-10 08:02:58'),
(295, '61', 'Herrn ', 4, '2017-01-10 08:02:57'),
(296, '61', 'Herr Czeiko', 4, '2017-01-10 08:02:58'),
(297, '61', 'Frau Prskal', 4, '2017-01-10 08:02:57'),
(298, '62', 'Herrn Friedrich', 4, '2017-01-10 08:02:57'),
(299, '62', 'Herrn Löhner', 4, '2017-01-10 08:02:58'),
(300, '63', 'Herrn Böttner', 4, '2017-01-10 08:02:58'),
(301, '63', 'Herrn Heinik', 4, '2017-01-10 08:02:57'),
(302, '63', 'Frau Kollinger', 4, '2017-01-10 08:02:58'),
(303, '64', 'Frau Ebner', 4, '2017-01-10 08:02:57'),
(304, '64', 'Herrn Händl', 4, '2017-01-10 08:02:58'),
(305, '65', 'Herrn Buhl', 4, '2017-01-10 08:02:58'),
(306, '65', 'Herrn Groß', 4, '2017-01-10 08:02:57'),
(307, '65', 'Frau Schellenberg', 4, '2017-01-10 08:02:58'),
(308, '66', 'Herrn Graf', 4, '2017-01-10 08:02:57'),
(309, '66', 'Herrn Münster', 4, '2017-01-10 08:02:58'),
(310, '67', 'Frau Merx', 4, '2017-01-10 08:02:57'),
(311, '67', 'Herr Merx', 4, '2017-01-10 08:02:58'),
(312, '67', 'Herrn Schröder', 4, '2017-01-10 08:02:58'),
(313, '67', 'Herrn Speier', 4, '2017-01-10 08:02:58'),
(314, '67', 'Herrn Stockerl', 4, '2017-01-10 08:02:57'),
(315, '68', 'Herrn Metsch', 4, '2017-01-10 08:02:57'),
(316, '68', 'Herr Stummer', 4, '2017-01-10 08:02:57'),
(317, '68', 'Herrn Tuffner', 4, '2017-01-10 08:02:58'),
(318, '69', 'Herrn Bornkessel', 4, '2017-01-10 08:02:58'),
(319, '69', 'Frau Krappmann', 4, '2017-01-10 08:02:58'),
(320, '69', 'Herrn Marka', 4, '2017-01-10 08:02:57'),
(321, '69', 'Frau Marka', 4, '2017-01-10 08:02:57'),
(322, '69', 'Frau Ziegler', 4, '2017-01-10 08:02:58'),
(323, '70', 'Frau Griebling', 4, '2017-01-10 08:02:57'),
(324, '71', 'Frau Gaar', 4, '2017-01-10 08:02:57'),
(325, '71', 'Herrn Kaul', 4, '2017-01-10 08:02:57'),
(326, '72', 'Herrn Kirchhoff', 4, '2017-01-10 08:02:57'),
(327, '72', 'Herrn Poremba', 4, '2017-01-10 08:02:57'),
(328, '72', 'Herrn Illing', 4, '2017-01-10 08:02:57'),
(329, '72', 'Herrn List', 4, '2017-01-10 08:02:57'),
(330, '73', 'Herrn Zangl', 4, '2017-01-10 08:02:57'),
(331, '74', 'Herrn Pölloth', 4, '2017-01-10 08:02:57'),
(332, '75', 'Frau Dürrbeck', 4, '2017-01-10 08:02:57'),
(333, '75', 'Herrn Keimig', 4, '2017-01-10 08:02:57'),
(334, '75', 'Herrn Schicker', 4, '2017-01-10 08:02:57'),
(335, '76', 'Herrn Erhard', 4, '2017-01-10 08:02:57'),
(336, '76', 'Herrn Rittner', 4, '2017-01-10 08:02:57'),
(337, '76', 'Herrn Schmidt', 4, '2017-01-10 08:02:57'),
(338, '77', 'Herrn Gawel', 4, '2017-01-10 08:02:57'),
(339, '77', 'Frau Pieger', 4, '2017-01-10 08:02:57'),
(340, '36', 'Herrn Höffgen', 3, '2017-01-10 08:02:57'),
(341, '36', 'Herrn Schäfer', 3, '2017-01-10 08:02:58'),
(342, '36', 'Herrn Schillinger', 3, '2017-01-10 08:02:57'),
(343, '36', 'Herrn Wagener', 3, '2017-01-10 08:02:58'),
(344, '36', 'Herrn Wölk', 3, '2017-01-10 08:02:57'),
(345, '37', 'Herrn Kreuzer', 3, '2017-01-10 08:02:57'),
(346, '37', 'Frau Kuhlmann-Gillis', 3, '2017-01-10 08:02:58'),
(347, '37', 'Herrn Zicka', 3, '2017-01-10 08:02:57'),
(348, '38', 'Herrn Griebling', 3, '2017-01-10 08:02:58'),
(349, '38', 'Frau Königs', 3, '2017-01-10 08:02:57'),
(350, '38', 'Herrn Kuckero', 3, '2017-01-10 08:02:58'),
(351, '38', 'Frau Kuckero', 3, '2017-01-10 08:02:58'),
(352, '38', 'Herrn Pisarowitz', 3, '2017-01-10 08:02:57'),
(353, '38', 'Frau Schneider', 3, '2017-01-10 08:02:58'),
(354, '39', 'Frau Lang', 3, '2017-01-10 08:02:57'),
(355, '39', 'Frau von Quistorp', 3, '2017-01-10 08:02:58'),
(356, '40', 'Frau Schwartz', 3, '2017-01-10 08:02:57'),
(357, '40', 'Herrn Weiher', 3, '2017-01-10 08:02:58'),
(358, '41', 'Herrn Engelstädter', 3, '2017-01-10 08:02:57'),
(359, '42', 'Herrn Mainzer', 3, '2017-01-10 08:02:57'),
(360, '42', 'Herrn Rütten', 3, '2017-01-10 08:02:58'),
(361, '42', 'Herrn Sonsalla', 3, '2017-01-10 08:02:57'),
(362, '42', 'Herrn Utsch', 3, '2017-01-10 08:02:58'),
(363, '43', 'Herrn Berg', 3, '2017-01-10 08:02:58'),
(364, '43', 'Herrn Hoffmann', 3, '2017-01-10 08:02:58'),
(365, '43', 'Frau Thomas', 3, '2017-01-10 08:02:57'),
(366, '44', 'Herrn Gitzen', 3, '2017-01-10 08:02:58'),
(367, '44', 'Herrn Plötz', 3, '2017-01-10 08:02:57'),
(368, '45', 'Herrn Hamacher', 3, '2017-01-10 08:02:58'),
(369, '45', 'Herrn Heesen', 3, '2017-01-10 08:02:57'),
(370, '45', 'Herrn Pollmanns', 3, '2017-01-10 08:02:58'),
(371, '45', 'Herrn Treska', 3, '2017-01-10 08:02:58'),
(372, '46', 'Herrn Decker', 3, '2017-01-10 08:02:57'),
(373, '46', 'Frau Sinzig', 3, '2017-01-10 08:02:57'),
(374, '46', 'Herrn Sinzig', 3, '2017-01-10 08:02:58'),
(375, '47', 'Herrn Hennrichs', 3, '2017-01-10 08:02:57'),
(376, '47', 'Herrn Hermanns', 3, '2017-01-10 08:02:57'),
(377, '47', 'Herrn Jeuckens', 3, '2017-01-10 08:02:58'),
(378, '48', 'Herrn Henn', 3, '2017-01-10 08:02:57'),
(379, '48', 'Herrn Schupp', 3, '2017-01-10 08:02:57'),
(380, '49', 'Herrn Hamacher', 3, '2017-01-10 08:02:57'),
(381, '49', 'Herrn Helser', 3, '2017-01-10 08:02:57'),
(382, '49', 'Frau Löhr', 3, '2017-01-10 08:02:57'),
(383, '49', 'Herrn Rügge', 3, '2017-01-10 08:02:57'),
(384, '50', 'Herrn Covic', 3, '2017-01-10 08:02:57'),
(385, '50', 'Herrn Fröndgen', 3, '2017-01-10 08:02:57'),
(386, '50', 'Herrn Kühne', 3, '2017-01-10 08:02:57'),
(387, '51', 'Herrn Rau', 3, '2017-01-10 08:02:57'),
(388, '51', 'Herrn Schönhofer', 3, '2017-01-10 08:02:57'),
(389, '52', 'Herrn Spettmann', 3, '2017-01-10 08:02:57'),
(390, '52', 'Herrn Vallen', 3, '2017-01-10 08:02:57'),
(391, '53', 'Herrn Brahde', 3, '2017-01-10 08:02:57'),
(392, '53', 'Herrn Diehl', 3, '2017-01-10 08:02:57'),
(393, '53', 'Herrn Nettesheim', 3, '2017-01-10 08:02:57'),
(394, '53', 'Herrn Pfankuch', 3, '2017-01-10 08:02:57'),
(395, '53', 'Herrn Toninger', 3, '2017-01-10 08:02:57'),
(396, '54', 'Frau Kauth', 3, '2017-01-10 08:02:57'),
(397, '54', 'Herrn Neumann', 3, '2017-01-10 08:02:57'),
(398, '54', 'Herrn Schelzig', 3, '2017-01-10 08:02:57'),
(399, '55', 'Herrn Grimm', 3, '2017-01-10 08:02:57'),
(400, '55', 'Herrn Rausch', 3, '2017-01-10 08:02:57'),
(401, '56', 'Herrn Lückgen', 3, '2017-01-10 08:02:57'),
(402, '56', 'Herrn Müller', 3, '2017-01-10 08:02:57'),
(403, '56', 'Herrn Snyders', 3, '2017-01-10 08:02:57'),
(404, '57', 'Herrn Baumeister', 3, '2017-01-10 08:02:57'),
(405, '57', 'Frau Boyom', 3, '2017-01-10 08:02:57'),
(406, '57', 'Herrn Schmitz', 3, '2017-01-10 08:02:57'),
(407, '57', 'Herrn Wigger', 3, '2017-01-10 08:02:57'),
(408, '58', 'Herrn Passarge', 3, '2017-01-10 08:02:57'),
(409, '58', 'Frau Schmidt', 3, '2017-01-10 08:02:57'),
(410, '59', 'Herrn Jeschke', 3, '2017-01-10 08:02:57'),
(421, '20', 'Herrn Boock', 2, '2017-01-10 08:02:57'),
(422, '20', 'Herrn Flatt', 2, '2017-01-10 08:02:58'),
(423, '20', 'Herrn Gundt', 2, '2017-01-10 08:02:57'),
(424, '20', 'Herrn Hosse', 2, '2017-01-10 08:02:58'),
(425, '20', 'Herrn Jakob', 2, '2017-01-10 08:02:57'),
(427, '20', 'Herrn Vana', 2, '2017-01-10 08:02:57'),
(428, '20', 'Herrn Zach', 2, '2017-01-10 08:02:58'),
(429, '21', 'Frau Bowden', 2, '2017-01-10 08:02:58'),
(430, '21', 'Herrn Gerlach', 2, '2017-01-10 08:02:57'),
(431, '21', 'Herrn Lindhorst', 2, '2017-01-10 08:02:58'),
(432, '21', 'Herrn Maurer', 2, '2017-01-10 08:02:57'),
(433, '21', 'Frau Stephan', 2, '2017-01-10 08:02:58'),
(434, '22', 'Herrn Hesse jun.', 2, '2017-01-10 08:02:58'),
(435, '22', 'Herrn Hundsdörfer', 2, '2017-01-10 08:02:57'),
(436, '22', 'Herrn Roth', 2, '2017-01-10 08:02:58'),
(437, '23', 'Herrn Cornelius', 2, '2017-01-10 08:02:58'),
(438, '23', 'Herrn Görlach', 2, '2017-01-10 08:02:57'),
(439, '23', 'Herrn Pagel', 2, '2017-01-10 08:02:58'),
(440, '24', 'Herrn Gitzen', 2, '2017-01-10 08:02:58'),
(441, '24', 'Herrn Gläser', 2, '2017-01-10 08:02:57'),
(442, '24', 'Herrn Stoll', 2, '2017-01-10 08:02:58'),
(443, '25', 'Herrn de Waardt', 2, '2017-01-10 08:02:58'),
(444, '25', 'Herrn Hartwig', 2, '2017-01-10 08:02:57'),
(445, '25', 'Herrn Ideker', 2, '2017-01-10 08:02:58'),
(446, '25', 'Herrn Mayer', 2, '2017-01-10 08:02:57'),
(447, '25', 'Herrn Neumann', 2, '2017-01-10 08:02:58'),
(448, '25', 'Herrn Puls', 2, '2017-01-10 08:02:57'),
(449, '25', 'Frau Remme', 2, '2017-01-10 08:02:58'),
(450, '25', 'Herrn Wede', 2, '2017-01-10 08:02:57'),
(451, '26', 'Herrn Burmeister', 2, '2017-01-10 08:02:57'),
(452, '26', 'Herrn Eiben', 2, '2017-01-10 08:02:58'),
(453, '26', 'Frau Gratz', 2, '2017-01-10 08:02:57'),
(454, '26', 'Herrn Gratz', 2, '2017-01-10 08:02:58'),
(455, '27', 'Frau Legré', 2, '2017-01-10 08:02:58'),
(456, '27', 'Frau Rakebrand', 2, '2017-01-10 08:02:57'),
(457, '28', 'Herrn Ernst', 2, '2017-01-10 08:02:57'),
(458, '28', 'Herrn Joos', 2, '2017-01-10 08:02:58'),
(459, '28', 'Herrn Schmidt', 2, '2017-01-10 08:02:57'),
(460, '29', 'Frau Mannel', 2, '2017-01-10 08:02:57'),
(461, '29', 'Frau  von Bargen', 2, '2017-01-10 08:02:58'),
(462, '30', 'Herrn Henschen', 2, '2017-01-10 08:02:58'),
(463, '30', 'Herrn Petrik', 2, '2017-01-10 08:02:57'),
(464, '30', 'Frau Waszczak', 2, '2017-01-10 08:02:58'),
(465, '31', 'Herrn Deiss', 2, '2017-01-10 08:02:58'),
(466, '31', 'Herrn Ohnesorge', 2, '2017-01-10 08:02:57'),
(467, '32', 'Herrn Gutekunst', 2, '2017-01-10 08:02:57'),
(468, '32', 'Herrn Wiebe', 2, '2017-01-10 08:02:58'),
(469, '33', 'Herrn Helmers', 2, '2017-01-10 08:02:58'),
(470, '33', 'Herrn Schäfer', 2, '2017-01-10 08:02:57'),
(471, '34', 'Herrn Kühne', 2, '2017-01-10 08:02:57'),
(472, '34', 'Herrn Schwartz', 2, '2017-01-10 08:02:58'),
(473, '35', 'Frau Elisat', 2, '2017-01-10 08:02:58'),
(474, '35', 'Herrn Irmler', 2, '2017-01-10 08:02:57'),
(475, '43', 'Herr Pollmanns', 3, '2017-01-11 11:43:59'),
(476, '43', 'test', 3, '2017-01-11 11:52:26'),
(477, '36', 'test', 3, '2017-01-11 11:56:41'),
(478, '58', 'Herr Rhenus', 3, '2017-01-11 12:57:13'),
(480, '78', 'Frau Wingenbach', 5, '2017-01-13 14:07:47'),
(481, '78', 'Herr Mark', 5, '2017-01-13 14:08:36'),
(482, '79', 'Herr Maurer', 5, '2017-01-13 14:25:26'),
(483, '80', 'Herr Herb', 5, '2017-01-13 14:26:36'),
(485, '91', 'Herr Bracht', 5, '2017-01-13 14:36:58'),
(486, '91', 'Frau Lefarth', 5, '2017-01-13 16:04:44');

-- --------------------------------------------------------

--
-- Table structure for table `firma`
--

CREATE TABLE `firma` (
  `id` int(11) NOT NULL,
  `name` varchar(28) NOT NULL,
  `user_id` int(11) NOT NULL
) ENGINE=InnoDB DEFAULT CHARSET=utf8;

--
-- Dumping data for table `firma`
--

INSERT INTO `firma` (`id`, `name`, `user_id`) VALUES
(1, 'allkauf Haus GmbH', 1),
(2, 'BAU-FRITZ GmbH & Co. KG', 1),
(3, 'Bien-Zenker GmbH', 1),
(4, 'Büdenbender Hausbau GmbH', 1),
(5, 'Danhaus GmbH', 1),
(6, 'ELK Fertighaus GmbH', 1),
(7, 'FingerHaus GmbH', 1),
(8, 'FINGERHUT HAUS GmbH & Co. KG', 1),
(9, 'FischerHaus GmbH & Co. KG', 1),
(10, 'Hanse Haus GmbH & Co. KG', 1),
(11, 'KAMPA GmbH', 1),
(12, 'Meisterstück-HAUS', 1),
(13, 'OKAL Haus GmbH', 1),
(14, 'RENSCH-HAUS GMBH', 1),
(15, 'SCHWABENHAUS GmbH & Co. KG', 1),
(16, 'SchwörerHaus KG', 1),
(17, 'STREIF Haus GmbH', 1),
(18, 'Tal-Wohnbau GmbH', 1),
(19, 'WeberHaus GmbH & Co. KG', 1),
(20, 'allkauf haus GmbH', 2),
(21, 'Bien-Zenker GmbH', 2),
(22, 'Danhaus GmbH', 2),
(23, 'FingerHaus GmbH', 2),
(24, 'GUSSEK HAUS', 2),
(25, 'HAACKE Haus GmbH + Co. KG', 2),
(26, 'Hanse Haus GmbH & Co. KG', 2),
(27, 'HUF HAUS GmbH u. Co. KG', 2),
(28, 'Kampa GmbH', 2),
(29, 'LUXHAUS Vertrieb GmbH & Co. ', 2),
(30, 'Meisterstück-HAUS', 2),
(31, 'OKAL Haus GmbH', 2),
(32, 'ProHaus GmbH & Co. KG', 2),
(33, 'SchwörerHaus KG', 2),
(34, 'STREIF Haus GmbH', 2),
(35, 'WeberHaus GmbH & Co. KG', 2),
(36, 'allkauf haus GmbH', 3),
(37, 'BAU-FRITZ GmbH & Co. KG', 3),
(38, 'Bien-Zenker GmbH', 3),
(39, 'Büdenbender Hausbau GmbH', 3),
(40, 'Danhaus GmbH', 3),
(41, 'Elk Fertighaus GmbH', 3),
(42, 'FingerHaus GmbH', 3),
(43, 'FINGERHUT HAUS GmbH & Co. KG', 3),
(44, 'GUSSEK HAUS', 3),
(45, 'Haas FERTIGBAU GmbH', 3),
(46, 'HANSE Haus GmbH & Co. KG', 3),
(47, 'holz & raum GmbH & Co. KG', 3),
(48, 'HUF Haus GmbH & Co. KG', 3),
(49, 'KAMPA GmbH', 3),
(50, 'LUXHAUS Vertrieb GmbH & Co. ', 3),
(51, 'Meisterstück-HAUS', 3),
(52, 'NORDHAUS Fertigbau GmbH', 3),
(53, 'OKAL Haus GmbH', 3),
(54, 'Rensch-Haus GmbH', 3),
(55, 'Schwabenhaus GmbH & Co. KG', 3),
(56, 'SchwörerHaus KG', 3),
(57, 'Stommel Haus GmbH', 3),
(58, 'STREIF Haus GmbH', 3),
(59, 'WeberHaus GmbH & Co. KG', 3),
(60, 'allkauf Haus GmbH', 4),
(61, 'Bien-Zenker GmbH', 4),
(62, 'Danhaus GmbH', 4),
(63, 'ELK Fertighaus GmbH', 4),
(64, 'Fertighaus WEISS GmbH', 4),
(65, 'FingerHaus GmbH', 4),
(66, 'FINGERHUT HAUS GmbH & Co. KG', 4),
(67, 'FischerHaus GmbH & Co. KG', 4),
(68, 'Haas FERTIGBAU GmbH', 4),
(69, 'Hanse Haus GmbH & Co. KG', 4),
(70, 'HUF HAUS GmbH u. Co. KG', 4),
(71, 'KAMPA GmbH', 4),
(72, 'LUXHAUS Vertrieb GmbH & Co. ', 4),
(73, 'RENSCH-HAUS GMBH', 4),
(74, 'Rubner Haus AG', 4),
(75, 'SCHWABENHAUS GmbH & Co. KG', 4),
(76, 'SchwörerHaus KG', 4),
(77, 'STREIF Haus GmbH', 4),
(78, 'allkauf Haus GmbH', 5),
(79, 'Bien-Zenker GmbH', 5),
(80, 'Büdenbender Hausbau GmbH', 5),
(81, 'Danhaus GmbH', 5),
(82, 'FingerHaus GmbH', 5),
(83, 'FINGERHUT HAUS GmbH & Co. KG', 5),
(84, 'Franz Gussek GmbH & Co. KG', 5),
(85, 'Hanse Haus GmbH & Co. KG', 5),
(86, 'holz & raum GmbH & Co. KG', 5),
(87, 'HUF HAUS GmbH u. Co. KG', 5),
(88, 'KAMPA GmbH', 5),
(89, 'NORDHAUS Fertigbau GmbH', 5),
(90, 'OKAL Haus GmbH', 5),
(91, 'Partner-Haus Fertigbau GmbH ', 5),
(92, 'ProHaus GmbH & Co. KG', 5),
(93, 'RENSCH-HAUS GmbH', 5),
(94, 'SCHWABENHAUS GmbH & Co. KG', 5),
(95, 'SchwörerHaus KG', 5),
(96, 'WeberHaus GmbH & Co. KG', 5);

-- --------------------------------------------------------

--
-- Table structure for table `invitations`
--

CREATE TABLE `invitations` (
  `id` int(11) NOT NULL,
  `company` varchar(100) NOT NULL,
  `consultant` varchar(100) NOT NULL,
  `customer_name` varchar(100) NOT NULL,
  `count_id` int(11) NOT NULL,
  `user_id` int(11) NOT NULL,
  `date_created` datetime NOT NULL
) ENGINE=InnoDB DEFAULT CHARSET=utf8;

--
-- Dumping data for table `invitations`
--

INSERT INTO `invitations` (`id`, `company`, `consultant`, `customer_name`, `count_id`, `user_id`, `date_created`) VALUES
(82, '47', '82', 'Vollmer', 1, 3, '2017-01-04 10:00:48'),
(83, '36', '83', 'Vidrih', 1, 3, '2017-01-04 10:04:13'),
(84, '49', '84', 'Vidrih', 1, 3, '2017-01-04 10:02:57'),
(85, '49', '84', 'Scharnhoop', 2, 3, '2017-01-04 10:03:52'),
(86, '53', '86', 'Fonk', 2, 3, '2017-01-04 10:12:32'),
(87, '58', '87', 'Fonk', 2, 3, '2017-01-04 10:13:23'),
(88, '51', '88', 'Barnard', 4, 3, '2017-01-05 11:02:23'),
(89, '50', '89', 'Sawatzki', 1, 3, '2017-01-04 11:18:31'),
(90, '44', '90', 'Vollmer', 1, 3, '2017-01-04 11:39:18'),
(91, '38', '91', 'Ã–llmez', 2, 3, '2017-01-04 11:42:00'),
(92, '36', '92', 'Büyük', 2, 3, '2017-01-04 12:05:22'),
(93, '47', '82', 'Nettersheim/Wagener', 2, 3, '2017-01-04 12:52:16'),
(94, '48', '94', 'Dr.Saathoff', 1, 3, '2017-01-04 13:30:59'),
(95, '36', '83', 'Pishegar', 2, 3, '2017-01-04 13:56:02'),
(96, '36', '96', 'Arslan', 2, 3, '2017-01-04 14:01:49'),
(97, '39', '97', 'Richartz', 2, 3, '2017-01-04 14:42:22'),
(98, '42', '98', 'Hassel', 4, 3, '2017-01-04 14:55:45'),
(99, '36', '96', 'Brewitz', 2, 3, '2017-01-04 15:06:53'),
(100, '53', '86', 'Reif', 1, 3, '2017-01-04 15:07:26'),
(101, '36', '83', 'Jahnke', 1, 3, '2017-01-04 15:49:57'),
(102, '50', '102', 'Schmidt', 2, 3, '2017-01-04 15:51:20'),
(103, '37', '103', 'Berg', 2, 3, '2017-01-05 10:00:48'),
(104, '58', '87', 'Schneider', 1, 3, '2017-01-05 10:24:29'),
(105, '36', '83', 'Bonato', 2, 3, '2017-01-05 10:35:23'),
(106, '52', '106', 'Braun', 2, 3, '2017-01-05 11:00:36'),
(107, '36', '83', 'Tasdemir', 2, 3, '2017-01-05 12:16:05'),
(108, '54', '108', 'maciejk', 2, 3, '2017-01-05 12:33:48'),
(109, '59', '109', 'Fioremtino', 2, 3, '2017-01-05 13:00:55'),
(110, '59', '110', 'Schwarztrauber', 2, 3, '2017-01-05 13:01:29'),
(111, '43', '111', 'Kurscheidt', 2, 3, '2017-01-05 13:15:02'),
(112, '52', '106', 'Crombach', 1, 3, '2017-01-05 13:56:34'),
(113, '58', '113', 'Grammeth', 2, 3, '2017-01-05 14:42:48'),
(114, '46', '114', 'Landwehrkamo', 2, 3, '2017-01-05 15:08:04'),
(115, '36', '115', 'Wilting', 2, 3, '2017-01-05 15:49:59'),
(116, '36', '83', 'Kim', 2, 3, '2017-01-05 16:26:21'),
(117, '36', '83', 'Duran', 2, 3, '2017-01-05 16:27:14'),
(118, '52', '118', 'Lüllf-Scheurer', 2, 3, '2017-01-06 10:04:18'),
(119, '59', '119', 'Quotschalla', 2, 3, '2017-01-06 10:16:30'),
(120, '53', '120', 'Heer', 2, 3, '2017-01-06 10:27:00'),
(121, '41', '121', 'Barth', 1, 3, '2017-01-06 10:46:52'),
(122, '36', '92', 'Degner', 2, 3, '2017-01-06 10:53:52'),
(123, '36', '92', 'Guttzeit', 2, 3, '2017-01-06 12:39:17'),
(124, '36', '92', 'Vohra', 2, 3, '2017-01-06 13:51:12'),
(125, '56', '123', 'Harmuth', 1, 3, '2017-01-06 14:12:33'),
(126, '36', '92', 'Möske', 2, 3, '2017-01-06 14:15:47'),
(127, '49', '130', 'Eichelmann', 2, 3, '2017-01-06 14:28:33'),
(128, '45', '129', 'Yasli', 2, 3, '2017-01-06 14:50:20'),
(129, '53', '128', 'Stück', 1, 3, '2017-01-06 14:54:52'),
(130, '36', '92', 'Pröpper', 2, 3, '2017-01-06 15:03:57'),
(131, '37', '127', 'Esser', 1, 3, '2017-01-06 15:08:26'),
(132, '53', '120', 'Weber', 4, 3, '2017-01-06 15:24:25'),
(133, '36', '92', 'Königs', 2, 3, '2017-01-06 16:00:52'),
(134, '38', '124', 'Weller', 3, 3, '2017-01-06 16:24:45'),
(135, '46', '125', 'Oexmann', 2, 3, '2017-01-06 16:34:20'),
(136, '36', '126', 'Radermacher', 2, 3, '2017-01-06 16:39:26'),
(173, '46', '114', 'Weber', 4, 3, '2017-01-08 09:57:29'),
(174, '36', '83', 'Packiyanathan', 2, 3, '2017-01-08 09:58:02'),
(175, '36', '83', 'Oreig', 2, 3, '2017-01-08 11:15:05'),
(176, '46', '114', 'Böckly', 2, 3, '2017-01-08 11:28:51'),
(177, '36', '83', 'Deriy', 1, 3, '2017-01-08 11:35:01'),
(178, '58', '113', 'Möltgen', 4, 3, '2017-01-08 12:38:19'),
(180, '36', '96', 'Demski', 2, 3, '2017-01-08 12:56:18'),
(181, '52', '118', 'Flittorf', 2, 3, '2017-01-08 13:58:45'),
(182, '36', '83', 'Linich', 2, 3, '2017-01-08 14:30:20'),
(183, '53', '120', 'Popp', 2, 3, '2017-01-11 10:01:55'),
(184, '58', '408', 'Zimmermann', 2, 3, '2017-01-11 10:13:41'),
(185, '38', '353', 'Gerlach', 1, 3, '2017-01-11 11:12:03'),
(186, '36', '83', 'Hepp', 1, 3, '2017-01-11 12:54:17'),
(187, '44', '367', 'Hepp', 1, 3, '2017-01-11 12:55:30'),
(188, '37', '345', 'Hepp', 1, 3, '2017-01-11 12:55:53'),
(189, '58', '478', 'Bonato', 2, 3, '2017-01-11 12:58:04'),
(190, '59', '109', 'Hack', 2, 3, '2017-01-11 12:58:31'),
(191, '36', '83', 'Orgeig', 2, 3, '2017-01-11 12:59:03'),
(192, '46', '125', 'Böckly', 2, 3, '2017-01-11 12:59:45'),
(193, '36', '83', 'Deriy', 2, 3, '2017-01-11 13:00:21'),
(194, '58', '478', 'Möltgen', 2, 3, '2017-01-11 13:00:52'),
(195, '36', '341', 'Demski', 2, 3, '2017-01-11 13:01:38'),
(196, '52', '118', 'Littdoof', 2, 3, '2017-01-11 13:02:37'),
(197, '36', '83', 'Robach', 2, 3, '2017-01-11 13:03:00'),
(198, '58', '478', 'Röming', 2, 3, '2017-01-11 13:03:29'),
(199, '46', '125', 'Wisch', 2, 3, '2017-01-11 13:04:07'),
(200, '36', '83', 'Lirich', 2, 3, '2017-01-11 13:05:15'),
(201, '36', '83', 'Hasenauer', 2, 3, '2017-01-11 15:04:45'),
(202, '52', '389', 'Schell', 2, 3, '2017-01-11 15:22:44'),
(203, '38', '349', 'Lothmann', 4, 3, '2017-01-11 15:27:47'),
(204, '42', '359', 'Olbring', 1, 3, '2017-01-11 15:29:43'),
(205, '54', '396', 'Dedecke', 2, 3, '2017-01-11 15:46:53'),
(206, '43', '111', 'Liebich', 2, 3, '2017-01-11 15:50:35'),
(207, '58', '87', 'Schütten', 2, 3, '2017-01-11 15:56:49'),
(208, '53', '86', 'Blab', 2, 3, '2017-01-11 16:01:12'),
(209, '50', '102', 'Schmidt', 2, 3, '2017-01-11 16:02:20'),
(210, '42', '362', 'Stefer', 1, 3, '2017-01-11 16:04:18'),
(211, '36', '341', 'Hammelrath', 2, 3, '2017-01-12 09:30:53'),
(212, '46', '114', 'Ehret', 3, 3, '2017-01-12 10:00:54'),
(213, '53', '86', 'Kittelmann', 2, 3, '2017-01-12 10:01:19'),
(214, '36', '83', 'Rau', 2, 3, '2017-01-12 11:11:45'),
(215, '59', '109', 'Schneider', 1, 3, '2017-01-12 12:41:52'),
(216, '36', '83', 'Baur', 1, 3, '2017-01-12 12:55:56'),
(217, '36', '342', 'Tomic', 1, 3, '2017-01-12 13:52:56'),
(218, '36', '83', 'ciba', 1, 3, '2017-01-12 14:20:20'),
(219, '57', '407', 'Bliedumg', 2, 3, '2017-01-12 14:39:40'),
(220, '36', '96', 'Neuhaus', 2, 3, '2017-01-12 15:00:31'),
(221, '36', '343', 'Radermacher', 2, 3, '2017-01-12 15:46:06'),
(222, '36', '83', 'Thoms', 2, 3, '2017-01-12 15:48:13'),
(223, '50', '89', 'Sawatzky', 1, 3, '2017-01-12 16:26:30'),
(224, '37', '345', 'Esser', 1, 3, '2017-01-12 16:26:53'),
(225, '58', '478', 'Ortmann', 2, 3, '2017-01-12 16:47:41'),
(226, '36', '83', 'Kröber', 2, 3, '2017-01-12 16:50:50'),
(227, '36', '115', 'Ludlage', 1, 3, '2017-01-13 09:48:24'),
(228, '58', '478', 'Heinen', 2, 3, '2017-01-13 09:49:46'),
(229, '38', '349', 'Leiting', 2, 3, '2017-01-13 10:04:28'),
(230, '36', '83', 'Papadimitriou', 2, 3, '2017-01-13 10:05:16'),
(231, '42', '360', 'Schürings', 3, 3, '2017-01-13 10:06:50'),
(232, '47', '377', 'Erdmann', 2, 3, '2017-01-13 10:19:29'),
(233, '59', '119', 'Scherers', 2, 3, '2017-01-13 10:24:31'),
(234, '36', '83', 'Abdo', 2, 3, '2017-01-13 10:43:09'),
(235, '52', '106', 'Crombach', 1, 3, '2017-01-13 12:24:25'),
(236, '52', '106', 'Schneider', 1, 3, '2017-01-13 12:24:51'),
(237, '78', '217', 'Sterner', 2, 5, '2017-01-13 14:04:32'),
(238, '53', '394', 'Gecer', 1, 3, '2017-01-13 12:47:34'),
(241, '36', '83', 'Görgen', 2, 3, '2017-01-13 13:06:45'),
(242, '42', '361', 'Berg', 2, 3, '2017-01-13 13:35:06'),
(244, '58', '408', 'Röttger', 2, 3, '2017-01-13 13:50:46'),
(245, '43', '364', 'Burdag', 3, 3, '2017-01-13 13:57:03'),
(246, '49', '382', 'Yasli', 2, 3, '2017-01-13 14:03:49'),
(247, '78', '210', 'Geyer', 1, 5, '2017-01-13 14:04:59'),
(248, '78', '217', 'Moskatelli', 2, 5, '2017-01-13 14:05:23'),
(249, '78', '210', 'Switon', 2, 5, '2017-01-13 14:05:43'),
(250, '78', '216', 'Weiß', 1, 5, '2017-01-13 14:06:00'),
(251, '78', '211', 'Schmidt', 2, 5, '2017-01-13 14:07:21'),
(252, '78', '480', 'Tamm', 2, 5, '2017-01-13 14:08:08'),
(253, '78', '481', 'Ostle-Kramer', 2, 5, '2017-01-13 14:08:55'),
(254, '78', '480', 'Rösge/ Schubert', 2, 5, '2017-01-13 14:09:11'),
(255, '78', '480', 'Konjevoda', 2, 5, '2017-01-13 14:09:29'),
(256, '78', '480', 'Moscatelli', 2, 5, '2017-01-13 14:10:45'),
(257, '78', '480', 'Schreiber', 2, 5, '2017-01-13 14:23:09'),
(258, '78', '213', 'Karagiannis', 2, 5, '2017-01-13 14:23:26'),
(259, '78', '216', 'Bornemann', 2, 5, '2017-01-13 14:23:45'),
(260, '79', '220', 'Henes', 4, 5, '2017-01-13 14:24:20'),
(261, '79', '220', 'Dr. Frey', 2, 5, '2017-01-13 14:24:38'),
(262, '79', '223', 'Pooske', 2, 5, '2017-01-13 14:24:56'),
(263, '79', '482', 'Eilhard', 2, 5, '2017-01-13 14:25:53'),
(264, '80', '227', 'Pantel', 2, 5, '2017-01-13 14:26:20'),
(265, '80', '483', 'Lindemeyer', 2, 5, '2017-01-13 14:26:58'),
(266, '81', '229', 'Pohl', 2, 5, '2017-01-13 14:27:22'),
(267, '82', '234', 'Lohmann', 2, 5, '2017-01-13 14:27:48'),
(268, '83', '237', 'Jost', 2, 5, '2017-01-13 14:28:20'),
(269, '82', '232', 'Neeb', 2, 5, '2017-01-13 14:28:45'),
(270, '84', '240', 'Fischer', 2, 5, '2017-01-13 14:29:13'),
(271, '84', '240', 'Hollberg', 2, 5, '2017-01-13 14:30:14'),
(272, '84', '240', 'Flex', 4, 5, '2017-01-13 14:31:05'),
(273, '84', '240', 'Leicht', 2, 5, '2017-01-13 14:31:23'),
(274, '85', '245', 'Kahlstadt', 2, 5, '2017-01-13 14:31:45'),
(275, '85', '245', 'Adlunger', 2, 5, '2017-01-13 14:32:01'),
(276, '85', '246', 'Siegel', 2, 5, '2017-01-13 14:32:17'),
(277, '85', '246', 'Herr Berg', 1, 5, '2017-01-13 14:32:43'),
(278, '85', '243', 'Schatz', 2, 5, '2017-01-13 14:33:02'),
(279, '85', '245', 'Hernichel', 2, 5, '2017-01-13 14:33:20'),
(280, '86', '249', 'Leicht', 2, 5, '2017-01-13 14:33:46'),
(281, '87', '254', 'Smiley', 3, 5, '2017-01-13 14:34:11'),
(282, '88', '261', 'Kesselring', 2, 5, '2017-01-13 14:34:37'),
(283, '88', '258', 'Birka', 2, 5, '2017-01-13 14:34:57'),
(284, '88', '261', 'Molitor', 2, 5, '2017-01-13 14:35:18'),
(285, '89', '263', 'Schweisfuth', 2, 5, '2017-01-13 14:35:45'),
(286, '90', '267', 'Köhn', 2, 5, '2017-01-13 14:36:11'),
(287, '90', '264', 'Sagum', 2, 5, '2017-01-13 14:36:29'),
(288, '91', '485', 'Frings', 2, 5, '2017-01-13 14:37:16'),
(289, '92', '274', 'Wagner', 2, 5, '2017-01-13 14:37:40'),
(290, '93', '279', 'Mohr', 2, 5, '2017-01-13 14:38:41'),
(291, '93', '277', 'Grauschke', 2, 5, '2017-01-13 14:39:05'),
(292, '93', '278', 'Schneider', 4, 5, '2017-01-13 14:39:34'),
(293, '93', '277', 'Berg', 2, 5, '2017-01-13 14:39:46'),
(294, '94', '280', 'Falco', 2, 5, '2017-01-13 14:40:11'),
(295, '94', '280', 'Cangnazzo', 2, 5, '2017-01-13 14:40:27'),
(296, '94', '280', 'Pantel', 2, 5, '2017-01-13 14:40:44'),
(297, '94', '280', 'Hartmann', 2, 5, '2017-01-13 14:41:01'),
(298, '94', '283', 'Schumacher', 2, 5, '2017-01-13 14:41:17'),
(299, '94', '282', 'Bernhardt', 2, 5, '2017-01-13 14:41:33'),
(300, '94', '283', 'Winzer', 2, 5, '2017-01-13 14:41:50'),
(301, '94', '282', 'Hansen', 2, 5, '2017-01-13 14:42:19'),
(302, '36', '83', 'Grund', 2, 3, '2017-01-13 14:42:31'),
(303, '95', '284', 'Wickenhöfer', 2, 5, '2017-01-13 14:42:43'),
(304, '95', '286', 'Sudbrack', 2, 5, '2017-01-13 14:43:03'),
(305, '95', '286', 'Gathmann', 2, 5, '2017-01-13 14:43:21'),
(306, '96', '287', 'Stiller', 2, 5, '2017-01-13 14:43:48'),
(307, '96', '287', 'Schmidt', 2, 5, '2017-01-13 14:44:07'),
(308, '96', '291', 'Brünger', 2, 5, '2017-01-13 14:44:23'),
(309, '52', '106', 'Giesa', 1, 3, '2017-01-13 14:45:26'),
(310, '50', '386', 'Tietze', 2, 3, '2017-01-13 14:47:16'),
(312, '96', '287', 'Eickhoff', 2, 5, '2017-01-13 14:55:27'),
(313, '96', '287', 'Fehst', 2, 5, '2017-01-13 14:55:46'),
(314, '96', '287', 'Blank', 2, 5, '2017-01-13 14:56:04'),
(315, '96', '287', 'Paweg', 2, 5, '2017-01-13 14:56:19'),
(316, '96', '287', 'Michaelis', 2, 5, '2017-01-13 14:56:35'),
(317, '96', '287', 'Trostmann', 2, 5, '2017-01-13 14:57:04'),
(318, '96', '287', 'Bartsch', 2, 5, '2017-01-13 14:57:26'),
(319, '90', '267', 'Müller', 2, 5, '2017-01-13 15:02:46'),
(320, '36', '83', 'Kurz', 2, 3, '2017-01-13 15:11:52'),
(321, '36', '83', 'Arslan', 2, 3, '2017-01-13 15:16:07'),
(322, '85', '244', 'Kaminski', 1, 5, '2017-01-13 15:16:55'),
(323, '58', '478', 'Esser', 2, 3, '2017-01-13 15:22:15'),
(324, '36', '343', 'Kim', 2, 3, '2017-01-13 15:53:04'),
(325, '93', '278', 'Siebert', 2, 5, '2017-01-13 16:03:40'),
(326, '78', '480', 'Barta', 2, 5, '2017-01-13 16:03:58'),
(327, '25', '443', 'Urbanus', 1, 2, '2017-01-13 16:08:38'),
(328, '33', '470', 'Khosrawi', 1, 2, '2017-01-13 16:09:05'),
(329, '21', '432', 'Himstedt', 2, 2, '2017-01-13 16:09:36'),
(330, '20', '423', 'Großimlinighaus', 2, 2, '2017-01-13 16:19:16'),
(331, '28', '457', 'KAUFMANN', 2, 2, '2017-01-13 16:19:54'),
(332, '23', '439', 'SCHUBERT', 2, 2, '2017-01-13 16:20:13'),
(333, '22', '434', 'KRAUSE', 2, 2, '2017-01-13 16:20:32'),
(334, '28', '457', 'HOHGREFE', 2, 2, '2017-01-13 16:20:49'),
(335, '35', '474', 'STORK', 1, 2, '2017-01-13 16:21:08'),
(336, '33', '470', 'VOLLMANN', 1, 2, '2017-01-13 16:21:26'),
(337, '36', '83', 'Bolenius', 2, 3, '2017-01-13 16:34:23'),
(338, '21', '432', 'VON BESTENBOSTEL', 2, 2, '2017-01-13 16:40:57'),
(339, '33', '470', 'THIELE', 2, 2, '2017-01-13 16:58:57');

-- --------------------------------------------------------

--
-- Table structure for table `month`
--

CREATE TABLE `month` (
  `id` int(11) NOT NULL,
  `name` varchar(100) NOT NULL,
  `eng_name` varchar(100) NOT NULL
) ENGINE=InnoDB DEFAULT CHARSET=utf8;

--
-- Dumping data for table `month`
--

INSERT INTO `month` (`id`, `name`, `eng_name`) VALUES
(1, 'Januar', 'January'),
(2, 'Februar', 'February'),
(3, 'März', 'March'),
(4, 'April', 'April'),
(5, 'Mai', 'May'),
(6, 'Juni', 'June'),
(7, 'Juli', 'July'),
(8, 'August', 'August'),
(9, 'September', 'September'),
(10, 'Oktober', 'October'),
(11, 'November', 'November'),
(12, 'Dezember', 'December');

-- --------------------------------------------------------

--
-- Table structure for table `multiplier`
--

CREATE TABLE `multiplier` (
  `id` int(11) NOT NULL,
  `name` varchar(100) NOT NULL,
  `value` int(11) NOT NULL,
  `money_value` float NOT NULL
) ENGINE=InnoDB DEFAULT CHARSET=utf8;

--
-- Dumping data for table `multiplier`
--

INSERT INTO `multiplier` (`id`, `name`, `value`, `money_value`) VALUES
(1, 'Einzelperson', 1, 1.5),
(2, 'Familie', 1, 2.5),
(3, '3 Personen', 3, 1.5),
(4, '4 Personen', 4, 1.5);

-- --------------------------------------------------------

--
-- Table structure for table `users`
--

CREATE TABLE `users` (
  `id` int(11) NOT NULL,
  `branch` varchar(100) NOT NULL,
  `password` varchar(32) NOT NULL
) ENGINE=InnoDB DEFAULT CHARSET=utf8;

--
-- Dumping data for table `users`
--

INSERT INTO `users` (`id`, `branch`, `password`) VALUES
(1, 'GBurg', '9dc8dd2be2aca2c467a039fd7d253195'),
(2, 'HAJ', '52b8da32a60cd35486b043386cc1a310'),
(3, 'Köln', '02b55126e9a24df088aec13450277e46'),
(4, 'NUE', '3343cb05decd0a119862668b369cc3ed'),
(5, 'WUP', '54e58dd73c63bf0a0ef54b11b2c72bad');

--
-- Indexes for dumped tables
--

--
-- Indexes for table `ci_sessions`
--
ALTER TABLE `ci_sessions`
  ADD KEY `ci_sessions_timestamp` (`timestamp`);

--
-- Indexes for table `consultants`
--
ALTER TABLE `consultants`
  ADD PRIMARY KEY (`id`),
  ADD UNIQUE KEY `beraterindex` (`company`,`name`,`user_id`);

--
-- Indexes for table `firma`
--
ALTER TABLE `firma`
  ADD PRIMARY KEY (`id`);

--
-- Indexes for table `invitations`
--
ALTER TABLE `invitations`
  ADD PRIMARY KEY (`id`);

--
-- Indexes for table `month`
--
ALTER TABLE `month`
  ADD PRIMARY KEY (`id`);

--
-- Indexes for table `multiplier`
--
ALTER TABLE `multiplier`
  ADD PRIMARY KEY (`id`);

--
-- Indexes for table `users`
--
ALTER TABLE `users`
  ADD PRIMARY KEY (`id`);

--
-- AUTO_INCREMENT for dumped tables
--

--
-- AUTO_INCREMENT for table `consultants`
--
ALTER TABLE `consultants`
  MODIFY `id` int(11) NOT NULL AUTO_INCREMENT, AUTO_INCREMENT=487;
--
-- AUTO_INCREMENT for table `firma`
--
ALTER TABLE `firma`
  MODIFY `id` int(11) NOT NULL AUTO_INCREMENT, AUTO_INCREMENT=97;
--
-- AUTO_INCREMENT for table `invitations`
--
ALTER TABLE `invitations`
  MODIFY `id` int(11) NOT NULL AUTO_INCREMENT, AUTO_INCREMENT=340;
--
-- AUTO_INCREMENT for table `month`
--
ALTER TABLE `month`
  MODIFY `id` int(11) NOT NULL AUTO_INCREMENT, AUTO_INCREMENT=13;
--
-- AUTO_INCREMENT for table `multiplier`
--
ALTER TABLE `multiplier`
  MODIFY `id` int(11) NOT NULL AUTO_INCREMENT, AUTO_INCREMENT=5;
--
-- AUTO_INCREMENT for table `users`
--
ALTER TABLE `users`
  MODIFY `id` int(11) NOT NULL AUTO_INCREMENT, AUTO_INCREMENT=6;
/*!40101 SET CHARACTER_SET_CLIENT=@OLD_CHARACTER_SET_CLIENT */;
/*!40101 SET CHARACTER_SET_RESULTS=@OLD_CHARACTER_SET_RESULTS */;
/*!40101 SET COLLATION_CONNECTION=@OLD_COLLATION_CONNECTION */;
